customer_id,name,email,phone,address
1,Customer_1,customer1@email.com,9828434984,Address_1
2,Customer_2,customer2@email.com,9820402882,Address_2
3,Customer_3,customer3@email.com,9876028508,Address_3
4,Customer_4,customer4@email.com,9813329457,Address_4
5,Customer_5,customer5@email.com,9851391508,Address_5
6,Customer_6,customer6@email.com,9883962205,Address_6
7,Customer_7,customer7@email.com,9896039357,Address_7
8,Customer_8,customer8@email.com,9893346851,Address_8
9,Customer_9,customer9@email.com,9888734530,Address_9
10,Customer_10,customer10@email.com,9839857107,Address_10
11,Customer_11,customer11@email.com,9874918628,Address_11
12,Customer_12,customer12@email.com,9883831182,Address_12
13,Customer_13,customer13@email.com,9868497828,Address_13
14,Customer_14,customer14@email.com,9890664334,Address_14
15,Customer_15,customer15@email.com,9833652105,Address_15
16,Customer_16,customer16@email.com,9861480114,Address_16
17,Customer_17,customer17@email.com,9875794933,Address_17
18,Customer_18,customer18@email.com,9815004392,Address_18
19,Customer_19,customer19@email.com,9838399316,Address_19
20,Customer_20,customer20@email.com,9852466189,Address_20
21,Customer_21,customer21@email.com,9896683602,Address_21
22,Customer_22,customer22@email.com,9831852403,Address_22
23,Customer_23,customer23@email.com,9852528710,Address_23
24,Customer_24,customer24@email.com,9869956589,Address_24
25,Customer_25,customer25@email.com,9840586732,Address_25
26,Customer_26,customer26@email.com,9842221573,Address_26
27,Customer_27,customer27@email.com,9811646363,Address_27
28,Customer_28,customer28@email.com,9844998092,Address_28
29,Customer_29,customer29@email.com,9824103804,Address_29
30,Customer_30,customer30@email.com,9845710144,Address_30
31,Customer_31,customer31@email.com,9889221535,Address_31
32,Customer_32,customer32@email.com,9894224564,Address_32
33,Customer_33,customer33@email.com,9886386981,Address_33
34,Customer_34,customer34@email.com,9828629826,Address_34
35,Customer_35,customer35@email.com,9874675132,Address_35
36,Customer_36,customer36@email.com,9880706332,Address_36
37,Customer_37,customer37@email.com,9886709375,Address_37
38,Customer_38,customer38@email.com,9853996456,Address_38
39,Customer_39,customer39@email.com,9844321396,Address_39
40,Customer_40,customer40@email.com,9894391854,Address_40
41,Customer_41,customer41@email.com,9870243306,Address_41
42,Customer_42,customer42@email.com,9856189825,Address_42
43,Customer_43,customer43@email.com,9861821620,Address_43
44,Customer_44,customer44@email.com,9869087402,Address_44
45,Customer_45,customer45@email.com,9868048089,Address_45
46,Customer_46,customer46@email.com,9884550695,Address_46
47,Customer_47,customer47@email.com,9835675631,Address_47
48,Customer_48,customer48@email.com,9876787024,Address_48
49,Customer_49,customer49@email.com,9873831286,Address_49
50,Customer_50,customer50@email.com,9853149427,Address_50
51,Customer_51,customer51@email.com,9816961633,Address_51
52,Customer_52,customer52@email.com,9853635719,Address_52
53,Customer_53,customer53@email.com,9886936645,Address_53
54,Customer_54,customer54@email.com,9822155191,Address_54
55,Customer_55,customer55@email.com,9881995559,Address_55
56,Customer_56,customer56@email.com,9830395641,Address_56
57,Customer_57,customer57@email.com,9874769873,Address_57
58,Customer_58,customer58@email.com,9835085161,Address_58
59,Customer_59,customer59@email.com,9886764867,Address_59
60,Customer_60,customer60@email.com,9896608375,Address_60
61,Customer_61,customer61@email.com,9840722866,Address_61
62,Customer_62,customer62@email.com,9845997588,Address_62
63,Customer_63,customer63@email.com,9894774780,Address_63
64,Customer_64,customer64@email.com,9845927241,Address_64
65,Customer_65,customer65@email.com,9866287760,Address_65
66,Customer_66,customer66@email.com,9853919958,Address_66
67,Customer_67,customer67@email.com,9818472065,Address_67
68,Customer_68,customer68@email.com,9863862719,Address_68
69,Customer_69,customer69@email.com,9837686130,Address_69
70,Customer_70,customer70@email.com,9833719399,Address_70
71,Customer_71,customer71@email.com,9818508757,Address_71
72,Customer_72,customer72@email.com,9827116220,Address_72
73,Customer_73,customer73@email.com,9825800998,Address_73
74,Customer_74,customer74@email.com,9869587316,Address_74
75,Customer_75,customer75@email.com,9832375189,Address_75
76,Customer_76,customer76@email.com,9850349475,Address_76
77,Customer_77,customer77@email.com,9898382239,Address_77
78,Customer_78,customer78@email.com,9892648205,Address_78
79,Customer_79,customer79@email.com,9832307921,Address_79
80,Customer_80,customer80@email.com,9810769148,Address_80
81,Customer_81,customer81@email.com,9894603057,Address_81
82,Customer_82,customer82@email.com,9854326943,Address_82
83,Customer_83,customer83@email.com,9894208599,Address_83
84,Customer_84,customer84@email.com,9818874038,Address_84
85,Customer_85,customer85@email.com,9891916025,Address_85
86,Customer_86,customer86@email.com,9866919006,Address_86
87,Customer_87,customer87@email.com,9866521138,Address_87
88,Customer_88,customer88@email.com,9861081655,Address_88
89,Customer_89,customer89@email.com,9838351987,Address_89
90,Customer_90,customer90@email.com,9883454459,Address_90
91,Customer_91,customer91@email.com,9861144569,Address_91
92,Customer_92,customer92@email.com,9896323586,Address_92
93,Customer_93,customer93@email.com,9897105824,Address_93
94,Customer_94,customer94@email.com,9848294413,Address_94
95,Customer_95,customer95@email.com,9863880682,Address_95
96,Customer_96,customer96@email.com,9899666000,Address_96
97,Customer_97,customer97@email.com,9891210092,Address_97
98,Customer_98,customer98@email.com,9814172370,Address_98
99,Customer_99,customer99@email.com,9879853748,Address_99
100,Customer_100,customer100@email.com,9814978373,Address_100
101,Customer_101,customer101@email.com,9868186948,Address_101
102,Customer_102,customer102@email.com,9850841817,Address_102
103,Customer_103,customer103@email.com,9810473460,Address_103
104,Customer_104,customer104@email.com,9835765711,Address_104
105,Customer_105,customer105@email.com,9821947209,Address_105
106,Customer_106,customer106@email.com,9885075359,Address_106
107,Customer_107,customer107@email.com,9834911682,Address_107
108,Customer_108,customer108@email.com,9828236263,Address_108
109,Customer_109,customer109@email.com,9877175025,Address_109
110,Customer_110,customer110@email.com,9852749311,Address_110
111,Customer_111,customer111@email.com,9814661587,Address_111
112,Customer_112,customer112@email.com,9899036058,Address_112
113,Customer_113,customer113@email.com,9869663501,Address_113
114,Customer_114,customer114@email.com,9832684634,Address_114
115,Customer_115,customer115@email.com,9814392837,Address_115
116,Customer_116,customer116@email.com,9846241478,Address_116
117,Customer_117,customer117@email.com,9831229226,Address_117
118,Customer_118,customer118@email.com,9814031838,Address_118
119,Customer_119,customer119@email.com,9861798260,Address_119
120,Customer_120,customer120@email.com,9836050796,Address_120
121,Customer_121,customer121@email.com,9824301220,Address_121
122,Customer_122,customer122@email.com,9870923514,Address_122
123,Customer_123,customer123@email.com,9833157233,Address_123
124,Customer_124,customer124@email.com,9820456168,Address_124
125,Customer_125,customer125@email.com,9898283933,Address_125
126,Customer_126,customer126@email.com,9854304149,Address_126
127,Customer_127,customer127@email.com,9843305427,Address_127
128,Customer_128,customer128@email.com,9868226235,Address_128
129,Customer_129,customer129@email.com,9822158194,Address_129
130,Customer_130,customer130@email.com,9828694980,Address_130
131,Customer_131,customer131@email.com,9847168625,Address_131
132,Customer_132,customer132@email.com,9885794931,Address_132
133,Customer_133,customer133@email.com,9857940742,Address_133
134,Customer_134,customer134@email.com,9826574142,Address_134
135,Customer_135,customer135@email.com,9824531237,Address_135
136,Customer_136,customer136@email.com,9856498184,Address_136
137,Customer_137,customer137@email.com,9843199223,Address_137
138,Customer_138,customer138@email.com,9829617139,Address_138
139,Customer_139,customer139@email.com,9819590177,Address_139
140,Customer_140,customer140@email.com,9843277395,Address_140
141,Customer_141,customer141@email.com,9895057122,Address_141
142,Customer_142,customer142@email.com,9898013645,Address_142
143,Customer_143,customer143@email.com,9815865239,Address_143
144,Customer_144,customer144@email.com,9870583665,Address_144
145,Customer_145,customer145@email.com,9840774389,Address_145
146,Customer_146,customer146@email.com,9881356253,Address_146
147,Customer_147,customer147@email.com,9817772242,Address_147
148,Customer_148,customer148@email.com,9823299072,Address_148
149,Customer_149,customer149@email.com,9840280855,Address_149
150,Customer_150,customer150@email.com,9864537457,Address_150
